<?xml version="1.0" encoding="UTF-8"?>
<project-private xmlns="http://www.netbeans.org/ns/project-private/1">
    <editor-bookmarks xmlns="http://www.netbeans.org/ns/editor-bookmarks/2" lastBookmarkId="0"/>
    <open-files xmlns="http://www.netbeans.org/ns/projectui-open-files/2">
        <group>
            <file>file:/C:/Users/Rodrigo/HEREjercicio2Guia12/src/herejercicio2guia12/HEREjercicio2Guia12.java</file>
            <file>file:/C:/Users/Rodrigo/HEREjercicio2Guia12/src/herejercicio2guia12/Entidades/Lavadora.java</file>
            <file>file:/C:/Users/Rodrigo/HEREjercicio2Guia12/src/herejercicio2guia12/Entidades/Televisor.java</file>
            <file>file:/C:/Users/Rodrigo/HEREjercicio2Guia12/src/herejercicio2guia12/Entidades/Enumeracion/Color.java</file>
            <file>file:/C:/Users/Rodrigo/HEREjercicio2Guia12/src/herejercicio2guia12/Entidades/Electrodomestico.java</file>
        </group>
    </open-files>
</project-private>
